kernel_row,kernel_column,input,weight,product_float32,accumulator_after_float32
0,0,0.3529411852359772,-0.4156053066253662,-0.14668422937393188,0.18141257762908936
0,1,1.0,0.49141985177993774,0.49141985177993774,0.6728324294090271
0,2,0.7490196228027344,0.36265385150909424,0.2716348469257355,0.944467306137085
1,0,0.9058823585510254,0.3860623240470886,0.3497270345687866,1.2941943407058716
1,1,1.0,0.3915519416332245,0.3915519416332245,1.6857463121414185
1,2,0.9960784316062927,0.27198895812034607,0.27092233300209045,1.9566686153411865
2,0,0.9960784316062927,0.16076618432998657,0.16013573110103607,2.116804361343384
2,1,0.7882353067398071,0.3996410071849823,0.3150111436843872,2.4318156242370605
2,2,0.5686274766921997,-0.12232957780361176,-0.0695599615573883,2.362255573272705
